-- MySQL Script generated by MySQL Workbench
-- Wed Dec 23 00:35:00 2015
-- Model: New Model    Version: 1.0
-- MySQL Workbench Forward Engineering

SET @OLD_UNIQUE_CHECKS=@@UNIQUE_CHECKS, UNIQUE_CHECKS=0;
SET @OLD_FOREIGN_KEY_CHECKS=@@FOREIGN_KEY_CHECKS, FOREIGN_KEY_CHECKS=0;
SET @OLD_SQL_MODE=@@SQL_MODE, SQL_MODE='TRADITIONAL,ALLOW_INVALID_DATES';

-- -----------------------------------------------------
-- Schema stargate
-- -----------------------------------------------------

-- -----------------------------------------------------
-- Schema stargate
-- -----------------------------------------------------
CREATE SCHEMA IF NOT EXISTS `stargate` DEFAULT CHARACTER SET utf8 COLLATE utf8_general_ci ;
USE `stargate` ;

-- -----------------------------------------------------
-- Table `stargate`.`JOUEUR`
-- -----------------------------------------------------
DROP TABLE IF EXISTS `stargate`.`JOUEUR` ;

CREATE TABLE IF NOT EXISTS `stargate`.`JOUEUR` (
  `id` INT NOT NULL AUTO_INCREMENT,
  `login` VARCHAR(45) NULL,
  `password` VARCHAR(150) NULL,
  `mail` VARCHAR(100) NULL,
  `ip` VARCHAR(45) NULL,
  `lastconnexion` DATETIME NULL,
  PRIMARY KEY (`id`))
ENGINE = InnoDB;


-- -----------------------------------------------------
-- Table `stargate`.`GALAXIES`
-- -----------------------------------------------------
DROP TABLE IF EXISTS `stargate`.`GALAXIES` ;

CREATE TABLE IF NOT EXISTS `stargate`.`GALAXIES` (
  `id` INT NOT NULL AUTO_INCREMENT,
  `libelle` VARCHAR(45) NULL,
  PRIMARY KEY (`id`))
ENGINE = InnoDB;


-- -----------------------------------------------------
-- Table `stargate`.`SYSTEMES_SOLAIRE`
-- -----------------------------------------------------
DROP TABLE IF EXISTS `stargate`.`SYSTEMES_SOLAIRE` ;

CREATE TABLE IF NOT EXISTS `stargate`.`SYSTEMES_SOLAIRE` (
  `id` INT NOT NULL AUTO_INCREMENT,
  `g_id` INT NOT NULL,
  `pos_x` INT NULL,
  `pos_y` INT NULL,
  PRIMARY KEY (`id`,`g_id`),
  INDEX `fk_SYSTEMES_SOLAIRE_GALAXIES_idx` (`g_id` ASC),
  CONSTRAINT `fk_SYSTEMES_SOLAIRE_GALAXIES`
    FOREIGN KEY (`g_id`)
    REFERENCES `stargate`.`GALAXIES` (`id`)
    ON DELETE NO ACTION
    ON UPDATE NO ACTION)
ENGINE = InnoDB;


-- -----------------------------------------------------
-- Table `stargate`.`PLANETES`
-- -----------------------------------------------------
DROP TABLE IF EXISTS `stargate`.`PLANETES` ;

CREATE TABLE IF NOT EXISTS `stargate`.`PLANETES` (
  `id` INT NOT NULL AUTO_INCREMENT,
  `j_id` INT NOT NULL,
  `s_id` INT NOT NULL,
  `position` INT NULL,
  `nom` VARCHAR(45) NULL,
  `naquadah` DECIMAL NULL,
  `neutronium` DECIMAL NULL,
  `fer` DECIMAL NULL,
  `trinium` DECIMAL NULL,
  PRIMARY KEY (`id`),
  INDEX `fk_PLANETES_JOUEUR1_idx` (`j_id` ASC),
  INDEX `fk_PLANETES_SYSTEMES_SOLAIRE1_idx` (`s_id` ASC),
  CONSTRAINT `fk_PLANETES_JOUEUR1`
    FOREIGN KEY (`j_id`)
    REFERENCES `stargate`.`JOUEUR` (`id`)
    ON DELETE NO ACTION
    ON UPDATE NO ACTION,
  CONSTRAINT `fk_PLANETES_SYSTEMES_SOLAIRE1`
    FOREIGN KEY (`s_id`)
    REFERENCES `stargate`.`SYSTEMES_SOLAIRE` (`id`)
    ON DELETE NO ACTION
    ON UPDATE NO ACTION)
ENGINE = InnoDB;


-- -----------------------------------------------------
-- Table `stargate`.`CONNECTER`
-- -----------------------------------------------------
DROP TABLE IF EXISTS `stargate`.`CONNECTER` ;

CREATE TABLE IF NOT EXISTS `stargate`.`CONNECTER` (
  `j_id` INT NOT NULL,
  `dateconnexion` DATETIME NULL,
  PRIMARY KEY (`j_id`),
  INDEX `fk_CONNECTER_JOUEUR1_idx` (`j_id` ASC),
  CONSTRAINT `fk_CONNECTER_JOUEUR1`
    FOREIGN KEY (`j_id`)
    REFERENCES `stargate`.`JOUEUR` (`id`)
    ON DELETE NO ACTION
    ON UPDATE NO ACTION)
ENGINE = InnoDB;


-- -----------------------------------------------------
-- Table `stargate`.`BATIMENTS`
-- -----------------------------------------------------
DROP TABLE IF EXISTS `stargate`.`BATIMENTS` ;

CREATE TABLE IF NOT EXISTS `stargate`.`BATIMENTS` (
  `id` INT NOT NULL,
  `nom` VARCHAR(45) NULL,
  `description` TEXT NULL,
  `image` VARCHAR(45) NULL,
  PRIMARY KEY (`id`))
ENGINE = InnoDB;


-- -----------------------------------------------------
-- Table `stargate`.`CONSTRUIT`
-- -----------------------------------------------------
DROP TABLE IF EXISTS `stargate`.`CONSTRUIT` ;

CREATE TABLE IF NOT EXISTS `stargate`.`CONSTRUIT` (
  `p_id` INT NOT NULL,
  `b_id` INT NOT NULL,
  `niveau` INT NULL,
  INDEX `fk_CONSTRUIT_PLANETES1_idx` (`p_id` ASC),
  INDEX `fk_CONSTRUIT_BATIMENTS1_idx` (`b_id` ASC),
  PRIMARY KEY (`p_id`, `b_id`),
  CONSTRAINT `fk_CONSTRUIT_PLANETES1`
    FOREIGN KEY (`p_id`)
    REFERENCES `stargate`.`PLANETES` (`id`)
    ON DELETE NO ACTION
    ON UPDATE NO ACTION,
  CONSTRAINT `fk_CONSTRUIT_BATIMENTS1`
    FOREIGN KEY (`b_id`)
    REFERENCES `stargate`.`BATIMENTS` (`id`)
    ON DELETE NO ACTION
    ON UPDATE NO ACTION)
ENGINE = InnoDB;


-- -----------------------------------------------------
-- Table `stargate`.`FILE_BATIMENT`
-- -----------------------------------------------------
DROP TABLE IF EXISTS `stargate`.`FILE_BATIMENT` ;

CREATE TABLE IF NOT EXISTS `stargate`.`FILE_BATIMENT` (
  `p_id` INT NOT NULL,
  `b_id` INT NOT NULL,
  `datefin` DATETIME NULL,
  INDEX `fk_FILE_BATIMENT_PLANETES1_idx` (`p_id` ASC),
  INDEX `fk_FILE_BATIMENT_BATIMENTS1_idx` (`b_id` ASC),
  PRIMARY KEY (`p_id`, `b_id`),
  CONSTRAINT `fk_FILE_BATIMENT_PLANETES1`
    FOREIGN KEY (`p_id`)
    REFERENCES `stargate`.`PLANETES` (`id`)
    ON DELETE NO ACTION
    ON UPDATE NO ACTION,
  CONSTRAINT `fk_FILE_BATIMENT_BATIMENTS1`
    FOREIGN KEY (`b_id`)
    REFERENCES `stargate`.`BATIMENTS` (`id`)
    ON DELETE NO ACTION
    ON UPDATE NO ACTION)
ENGINE = InnoDB;


-- -----------------------------------------------------
-- Table `stargate`.`TYPE_TECHNOLOGIE`
-- -----------------------------------------------------
DROP TABLE IF EXISTS `stargate`.`TYPE_TECHNOLOGIE` ;

CREATE TABLE IF NOT EXISTS `stargate`.`TYPE_TECHNOLOGIE` (
  `id` INT NOT NULL,
  `libelle` VARCHAR(45) NULL,
  PRIMARY KEY (`id`))
ENGINE = InnoDB;


-- -----------------------------------------------------
-- Table `stargate`.`TECHNOLOGIE`
-- -----------------------------------------------------
DROP TABLE IF EXISTS `stargate`.`TECHNOLOGIE` ;

CREATE TABLE IF NOT EXISTS `stargate`.`TECHNOLOGIE` (
  `id` INT NOT NULL,
  `nom` VARCHAR(45) NULL,
  `description` TEXT NULL,
  `image` VARCHAR(45) NULL,
  `t_id` INT NOT NULL,
  PRIMARY KEY (`id`),
  INDEX `fk_TECHNOLOGIE_TYPE_TECHNOLOGIE1_idx` (`t_id` ASC),
  CONSTRAINT `fk_TECHNOLOGIE_TYPE_TECHNOLOGIE1`
    FOREIGN KEY (`t_id`)
    REFERENCES `stargate`.`TYPE_TECHNOLOGIE` (`id`)
    ON DELETE NO ACTION
    ON UPDATE NO ACTION)
ENGINE = InnoDB;


-- -----------------------------------------------------
-- Table `stargate`.`POSSEDER`
-- -----------------------------------------------------
DROP TABLE IF EXISTS `stargate`.`POSSEDER` ;

CREATE TABLE IF NOT EXISTS `stargate`.`POSSEDER` (
  `j_id` INT NOT NULL,
  `t_id` INT NOT NULL,
  `niveau` INT NULL,
  INDEX `fk_POSSEDER_JOUEUR1_idx` (`j_id` ASC),
  INDEX `fk_POSSEDER_TECHNOLOGIE1_idx` (`t_id` ASC),
  CONSTRAINT `fk_POSSEDER_JOUEUR1`
    FOREIGN KEY (`j_id`)
    REFERENCES `stargate`.`JOUEUR` (`id`)
    ON DELETE NO ACTION
    ON UPDATE NO ACTION,
  CONSTRAINT `fk_POSSEDER_TECHNOLOGIE1`
    FOREIGN KEY (`t_id`)
    REFERENCES `stargate`.`TECHNOLOGIE` (`id`)
    ON DELETE NO ACTION
    ON UPDATE NO ACTION)
ENGINE = InnoDB;


-- -----------------------------------------------------
-- Table `stargate`.`RECHERCHER`
-- -----------------------------------------------------
DROP TABLE IF EXISTS `stargate`.`RECHERCHER` ;

CREATE TABLE IF NOT EXISTS `stargate`.`RECHERCHER` (
  `j_id` INT NOT NULL,
  `t_id` INT NOT NULL,
  `datefin` DATETIME NULL,
  INDEX `fk_RECHERCHER_JOUEUR1_idx` (`j_id` ASC),
  INDEX `fk_RECHERCHER_TECHNOLOGIE1_idx` (`t_id` ASC),
  CONSTRAINT `fk_RECHERCHER_JOUEUR1`
    FOREIGN KEY (`j_id`)
    REFERENCES `stargate`.`JOUEUR` (`id`)
    ON DELETE NO ACTION
    ON UPDATE NO ACTION,
  CONSTRAINT `fk_RECHERCHER_TECHNOLOGIE1`
    FOREIGN KEY (`t_id`)
    REFERENCES `stargate`.`TECHNOLOGIE` (`id`)
    ON DELETE NO ACTION
    ON UPDATE NO ACTION)
ENGINE = InnoDB;


SET SQL_MODE=@OLD_SQL_MODE;
SET FOREIGN_KEY_CHECKS=@OLD_FOREIGN_KEY_CHECKS;
SET UNIQUE_CHECKS=@OLD_UNIQUE_CHECKS;

-- -----------------------------------------------------
-- Data for table `stargate`.`GALAXIES`
-- -----------------------------------------------------
START TRANSACTION;
USE `stargate`;
INSERT INTO `stargate`.`GALAXIES` (`id`, `libelle`) VALUES (1, 'Voie lactée');
INSERT INTO `stargate`.`GALAXIES` (`id`, `libelle`) VALUES (2, 'Pégase');
INSERT INTO `stargate`.`GALAXIES` (`id`, `libelle`) VALUES (3, 'Ida');
INSERT INTO `stargate`.`GALAXIES` (`id`, `libelle`) VALUES (4, 'Galaxie des anciens');

COMMIT;


-- -----------------------------------------------------
-- Data for table `stargate`.`BATIMENTS`
-- -----------------------------------------------------
START TRANSACTION;
USE `stargate`;
INSERT INTO `stargate`.`BATIMENTS` (`id`, `nom`, `description`, `image`) VALUES (1, 'Mine de fer', NULL, NULL);
INSERT INTO `stargate`.`BATIMENTS` (`id`, `nom`, `description`, `image`) VALUES (2, 'Mine de trinium', NULL, NULL);
INSERT INTO `stargate`.`BATIMENTS` (`id`, `nom`, `description`, `image`) VALUES (3, 'Mine de naquadah', NULL, NULL);
INSERT INTO `stargate`.`BATIMENTS` (`id`, `nom`, `description`, `image`) VALUES (4, 'Mine de neutronium', NULL, NULL);
INSERT INTO `stargate`.`BATIMENTS` (`id`, `nom`, `description`, `image`) VALUES (5, 'Centrale d\'énergie', NULL, NULL);
INSERT INTO `stargate`.`BATIMENTS` (`id`, `nom`, `description`, `image`) VALUES (6, 'Caserne militaire', NULL, NULL);
INSERT INTO `stargate`.`BATIMENTS` (`id`, `nom`, `description`, `image`) VALUES (7, 'Chantier spatial', NULL, NULL);
INSERT INTO `stargate`.`BATIMENTS` (`id`, `nom`, `description`, `image`) VALUES (8, 'Bunker à ressources', NULL, NULL);
INSERT INTO `stargate`.`BATIMENTS` (`id`, `nom`, `description`, `image`) VALUES (9, 'Laboratoire', NULL, NULL);
INSERT INTO `stargate`.`BATIMENTS` (`id`, `nom`, `description`, `image`) VALUES (10, 'Siège des anciens', NULL, NULL);
INSERT INTO `stargate`.`BATIMENTS` (`id`, `nom`, `description`, `image`) VALUES (11, 'Temple de dakara', NULL, NULL);
INSERT INTO `stargate`.`BATIMENTS` (`id`, `nom`, `description`, `image`) VALUES (12, 'Forage de fer', NULL, NULL);
INSERT INTO `stargate`.`BATIMENTS` (`id`, `nom`, `description`, `image`) VALUES (13, 'Forage de trinium', NULL, NULL);
INSERT INTO `stargate`.`BATIMENTS` (`id`, `nom`, `description`, `image`) VALUES (14, 'Exploitation unas', NULL, NULL);
INSERT INTO `stargate`.`BATIMENTS` (`id`, `nom`, `description`, `image`) VALUES (15, 'Forage de neutronium', NULL, NULL);
INSERT INTO `stargate`.`BATIMENTS` (`id`, `nom`, `description`, `image`) VALUES (16, 'Centrale géothermique', NULL, NULL);
INSERT INTO `stargate`.`BATIMENTS` (`id`, `nom`, `description`, `image`) VALUES (17, 'Usine de clonage', NULL, NULL);
INSERT INTO `stargate`.`BATIMENTS` (`id`, `nom`, `description`, `image`) VALUES (18, 'Usine spatiale', NULL, NULL);
INSERT INTO `stargate`.`BATIMENTS` (`id`, `nom`, `description`, `image`) VALUES (19, 'Tunnel tok\'ra', NULL, NULL);
INSERT INTO `stargate`.`BATIMENTS` (`id`, `nom`, `description`, `image`) VALUES (20, 'Zone 51', NULL, NULL);

COMMIT;


-- -----------------------------------------------------
-- Data for table `stargate`.`TYPE_TECHNOLOGIE`
-- -----------------------------------------------------
START TRANSACTION;
USE `stargate`;
INSERT INTO `stargate`.`TYPE_TECHNOLOGIE` (`id`, `libelle`) VALUES (1, 'Humain');
INSERT INTO `stargate`.`TYPE_TECHNOLOGIE` (`id`, `libelle`) VALUES (2, 'Goa\'uld');
INSERT INTO `stargate`.`TYPE_TECHNOLOGIE` (`id`, `libelle`) VALUES (3, 'Asgarde');
INSERT INTO `stargate`.`TYPE_TECHNOLOGIE` (`id`, `libelle`) VALUES (4, 'Réplicateur');
INSERT INTO `stargate`.`TYPE_TECHNOLOGIE` (`id`, `libelle`) VALUES (5, 'Alteran');

COMMIT;


-- -----------------------------------------------------
-- Data for table `stargate`.`TECHNOLOGIE`
-- -----------------------------------------------------
START TRANSACTION;
USE `stargate`;
INSERT INTO `stargate`.`TECHNOLOGIE` (`id`, `nom`, `description`, `image`, `t_id`) VALUES (1, 'Maitrise de l\'énergie', NULL, NULL, 1);
INSERT INTO `stargate`.`TECHNOLOGIE` (`id`, `nom`, `description`, `image`, `t_id`) VALUES (2, 'Maitrise de l\'atome', NULL, NULL, 1);
INSERT INTO `stargate`.`TECHNOLOGIE` (`id`, `nom`, `description`, `image`, `t_id`) VALUES (3, 'Maitrise de la balistique', NULL, NULL, 1);
INSERT INTO `stargate`.`TECHNOLOGIE` (`id`, `nom`, `description`, `image`, `t_id`) VALUES (4, 'Blindage de la coque', NULL, NULL, 1);
INSERT INTO `stargate`.`TECHNOLOGIE` (`id`, `nom`, `description`, `image`, `t_id`) VALUES (5, 'Propulsion chimique', NULL, NULL, 1);
INSERT INTO `stargate`.`TECHNOLOGIE` (`id`, `nom`, `description`, `image`, `t_id`) VALUES (6, 'Amélioration calculateur', NULL, NULL, 1);
INSERT INTO `stargate`.`TECHNOLOGIE` (`id`, `nom`, `description`, `image`, `t_id`) VALUES (7, 'Exploration du sub-espace', NULL, NULL, 1);
INSERT INTO `stargate`.`TECHNOLOGIE` (`id`, `nom`, `description`, `image`, `t_id`) VALUES (8, 'Exploitation du fer', NULL, NULL, 1);
INSERT INTO `stargate`.`TECHNOLOGIE` (`id`, `nom`, `description`, `image`, `t_id`) VALUES (9, 'Savoir Goa\'uld', NULL, NULL, 2);
INSERT INTO `stargate`.`TECHNOLOGIE` (`id`, `nom`, `description`, `image`, `t_id`) VALUES (10, 'Bouclier Goa\'uld', NULL, NULL, 2);
INSERT INTO `stargate`.`TECHNOLOGIE` (`id`, `nom`, `description`, `image`, `t_id`) VALUES (11, 'Hyperpropulsion Goa\'uld', NULL, NULL, 2);
INSERT INTO `stargate`.`TECHNOLOGIE` (`id`, `nom`, `description`, `image`, `t_id`) VALUES (12, 'Maitrise du naquadah', NULL, NULL, 2);
INSERT INTO `stargate`.`TECHNOLOGIE` (`id`, `nom`, `description`, `image`, `t_id`) VALUES (13, 'Technologie Ion', NULL, NULL, 2);
INSERT INTO `stargate`.`TECHNOLOGIE` (`id`, `nom`, `description`, `image`, `t_id`) VALUES (14, 'Camouflage Tok\'ra', NULL, NULL, 2);
INSERT INTO `stargate`.`TECHNOLOGIE` (`id`, `nom`, `description`, `image`, `t_id`) VALUES (15, 'Architecture Goa\'uld', NULL, NULL, 2);
INSERT INTO `stargate`.`TECHNOLOGIE` (`id`, `nom`, `description`, `image`, `t_id`) VALUES (16, 'Exploitation du naquadah', NULL, NULL, 2);
INSERT INTO `stargate`.`TECHNOLOGIE` (`id`, `nom`, `description`, `image`, `t_id`) VALUES (17, 'Maitrise du plasma', NULL, NULL, 3);
INSERT INTO `stargate`.`TECHNOLOGIE` (`id`, `nom`, `description`, `image`, `t_id`) VALUES (18, 'Hypernavigation Asgarde', NULL, NULL, 3);
INSERT INTO `stargate`.`TECHNOLOGIE` (`id`, `nom`, `description`, `image`, `t_id`) VALUES (19, 'Maitrise de la téléportation', NULL, NULL, 3);
INSERT INTO `stargate`.`TECHNOLOGIE` (`id`, `nom`, `description`, `image`, `t_id`) VALUES (20, 'Infrastructure Asgarde', NULL, NULL, 3);
INSERT INTO `stargate`.`TECHNOLOGIE` (`id`, `nom`, `description`, `image`, `t_id`) VALUES (21, 'Connaissance Asgarde', NULL, NULL, 3);
INSERT INTO `stargate`.`TECHNOLOGIE` (`id`, `nom`, `description`, `image`, `t_id`) VALUES (22, 'Senseur Asgarde', NULL, NULL, 3);
INSERT INTO `stargate`.`TECHNOLOGIE` (`id`, `nom`, `description`, `image`, `t_id`) VALUES (23, 'Bouclier Asgarde', NULL, NULL, 3);
INSERT INTO `stargate`.`TECHNOLOGIE` (`id`, `nom`, `description`, `image`, `t_id`) VALUES (24, 'Exploitation de trinium', NULL, NULL, 3);
INSERT INTO `stargate`.`TECHNOLOGIE` (`id`, `nom`, `description`, `image`, `t_id`) VALUES (25, 'Duplication de l\'armement', NULL, NULL, 4);
INSERT INTO `stargate`.`TECHNOLOGIE` (`id`, `nom`, `description`, `image`, `t_id`) VALUES (26, 'Code source réplicateur', NULL, NULL, 4);
INSERT INTO `stargate`.`TECHNOLOGIE` (`id`, `nom`, `description`, `image`, `t_id`) VALUES (27, 'Infestation de la propulsion', NULL, NULL, 4);
INSERT INTO `stargate`.`TECHNOLOGIE` (`id`, `nom`, `description`, `image`, `t_id`) VALUES (28, 'Replication du bouclier', NULL, NULL, 4);
INSERT INTO `stargate`.`TECHNOLOGIE` (`id`, `nom`, `description`, `image`, `t_id`) VALUES (29, 'Infestation du réseau', NULL, NULL, 4);
INSERT INTO `stargate`.`TECHNOLOGIE` (`id`, `nom`, `description`, `image`, `t_id`) VALUES (30, 'Attraction des blocs', NULL, NULL, 4);
INSERT INTO `stargate`.`TECHNOLOGIE` (`id`, `nom`, `description`, `image`, `t_id`) VALUES (31, 'Solidification des blocs', NULL, NULL, 4);
INSERT INTO `stargate`.`TECHNOLOGIE` (`id`, `nom`, `description`, `image`, `t_id`) VALUES (32, 'Bibliothèque des anciens', NULL, NULL, 5);
INSERT INTO `stargate`.`TECHNOLOGIE` (`id`, `nom`, `description`, `image`, `t_id`) VALUES (33, 'Hypernavigation ancienne', NULL, NULL, 5);
INSERT INTO `stargate`.`TECHNOLOGIE` (`id`, `nom`, `description`, `image`, `t_id`) VALUES (34, 'Maitrise du vide', NULL, NULL, 5);
INSERT INTO `stargate`.`TECHNOLOGIE` (`id`, `nom`, `description`, `image`, `t_id`) VALUES (35, 'Synthétiseur de matière', NULL, NULL, 5);
INSERT INTO `stargate`.`TECHNOLOGIE` (`id`, `nom`, `description`, `image`, `t_id`) VALUES (36, 'Bouclier ancien', NULL, NULL, 5);
INSERT INTO `stargate`.`TECHNOLOGIE` (`id`, `nom`, `description`, `image`, `t_id`) VALUES (37, 'Maitrise de la matière', NULL, NULL, 5);
INSERT INTO `stargate`.`TECHNOLOGIE` (`id`, `nom`, `description`, `image`, `t_id`) VALUES (38, 'Maitrise du sub-espace', NULL, NULL, 5);
INSERT INTO `stargate`.`TECHNOLOGIE` (`id`, `nom`, `description`, `image`, `t_id`) VALUES (39, 'Occulteur ancien', NULL, NULL, 5);
INSERT INTO `stargate`.`TECHNOLOGIE` (`id`, `nom`, `description`, `image`, `t_id`) VALUES (40, 'Technologies des drones', NULL, NULL, 5);
INSERT INTO `stargate`.`TECHNOLOGIE` (`id`, `nom`, `description`, `image`, `t_id`) VALUES (41, 'Le chemin de l\'ascension', NULL, NULL, 5);

COMMIT;

